<?xml version="1.0" encoding="UTF-8"?>
<project-private xmlns="http://www.netbeans.org/ns/project-private/1">
    <editor-bookmarks xmlns="http://www.netbeans.org/ns/editor-bookmarks/2" lastBookmarkId="0"/>
    <open-files xmlns="http://www.netbeans.org/ns/projectui-open-files/2">
        <group>
            <file>file:/C:/Users/Rajesh/Desktop/FB%202/edited%20project/MyTickets/web/vedhalam.jsp</file>
            <file>file:/C:/Users/Rajesh/Desktop/FB%202/edited%20project/MyTickets/web/creditcard.jsp</file>
            <file>file:/C:/Users/Rajesh/Desktop/FB%202/edited%20project/MyTickets/web/Admin.jsp</file>
            <file>file:/C:/Users/Rajesh/Desktop/FB%202/edited%20project/MyTickets/web/debitcard.jsp</file>
            <file>file:/C:/Users/Rajesh/Desktop/FB%202/edited%20project/MyTickets/web/contactus.jsp</file>
            <file>file:/C:/Users/Rajesh/Desktop/FB%202/edited%20project/MyTickets/web/yennai.jsp</file>
            <file>file:/C:/Users/Rajesh/Desktop/FB%202/edited%20project/MyTickets/web/sethu.jsp</file>
            <file>file:/C:/Users/Rajesh/Desktop/FB%202/edited%20project/MyTickets/web/payments.jsp</file>
            <file>file:/C:/Users/Rajesh/Desktop/FB%202/edited%20project/MyTickets/web/kabali.jsp</file>
            <file>file:/C:/Users/Rajesh/Desktop/FB%202/edited%20project/MyTickets/web/mangatha.jsp</file>
            <file>file:/C:/Users/Rajesh/Desktop/FB%202/edited%20project/MyTickets/src/java/logoutserv.java</file>
            <file>file:/C:/Users/Rajesh/Desktop/FB%202/edited%20project/MyTickets/src/java/signout.java</file>
            <file>file:/C:/Users/Rajesh/Desktop/FB%202/edited%20project/MyTickets/src/java/s/paymentpojo.java</file>
            <file>file:/C:/Users/Rajesh/Desktop/FB%202/edited%20project/MyTickets/src/java/signupserv.java</file>
            <file>file:/C:/Users/Rajesh/Desktop/FB%202/edited%20project/MyTickets/src/java/payments.java</file>
            <file>file:/C:/Users/Rajesh/Desktop/FB%202/edited%20project/MyTickets/web/signout.jsp</file>
            <file>file:/C:/Users/Rajesh/Desktop/FB%202/edited%20project/MyTickets/src/java/adminserv.java</file>
            <file>file:/C:/Users/Rajesh/Desktop/FB%202/edited%20project/MyTickets/web/signin.jsp</file>
        </group>
    </open-files>
</project-private>
